delta,alpha1,alpha2,beta1,beta2,theta,gamma1,gamma2,BCI,PPG,predictions
1928047,285096,165683,284878,134311,655390,157585,49098,92.99213,1342.857143,7
299191,32215,39208,25102,41330,46977,46909,13329,93.01205,614.6520147000001,7
554543,58329,137966,49565,17672,85500,7129,3458,34.253040000000006,1378.754579,7
2086938,152220,174691,60080,33998,428041,10382,15073,28.777859999999997,1112.087912,7
